{
  "phone_name.second": {
    "precision": 0.0,
    "recall": 0.0,
    "f1-score": 0.0,
    "support": 148
  },
  "phone_name": {
    "precision": 0.6431980906921241,
    "recall": 1.0,
    "f1-score": 0.7828612926652143,
    "support": 539
  },
  "phone_property": {
    "precision": 0.9770554493307839,
    "recall": 1.0,
    "f1-score": 0.988394584139265,
    "support": 511
  },
  "phone_property_value": {
    "precision": 0.9787234042553191,
    "recall": 1.0,
    "f1-score": 0.989247311827957,
    "support": 92
  },
  "phone_name.first": {
    "precision": 0.0,
    "recall": 0.0,
    "f1-score": 0.0,
    "support": 146
  },
  "micro avg": {
    "precision": 0.7848797250859106,
    "recall": 0.7952646239554317,
    "f1-score": 0.7900380491179524,
    "support": 1436
  },
  "macro avg": {
    "precision": 0.5197953888556455,
    "recall": 0.6,
    "f1-score": 0.5521006377264872,
    "support": 1436
  },
  "weighted avg": {
    "precision": 0.6518117400296481,
    "recall": 0.7952646239554317,
    "f1-score": 0.7089433300347402,
    "support": 1436
  }
}